CRF,PSNR,MS-SSIM,LPIPS,FID,FVD,BPP
crf18,44.12052857142857,0.9971857142857142,0.0019285714285714286,0.002057142857142857,921.7150428571429,0.60635375
crf23,41.53127142857143,0.9941000000000001,0.005085714285714285,0.015371428571428572,1977.9971714285714,0.2989495
crf28,39.04312857142857,0.9896142857142857,0.013085714285714286,0.06571428571428571,5297.673071428571,0.159286125
