CRF,PSNR,MS-SSIM,LPIPS,FID,FVD,BPP
crf25,40.72031428571428,0.9917999999999999,0.009714285714285715,0.046200000000000005,3059.4769285714287,0.160905
crf28,39.199442857142856,0.9890285714285714,0.014671428571428571,0.07104285714285714,6235.641128571428,0.102655375
crf30,38.182942857142855,0.9868,0.02062857142857143,0.11577142857142857,7920.043685714286,0.073871
