crf,PSNR,MS-SSIM,LPIPS,FID,FVD,BPP
hi,39.97805058956146,0.9895006857501963,0.007243294239742681,0.033085873699747026,3109.071277162274,0.074475
lo,35.11544652212234,0.9774499267694496,0.021196850677370094,0.0837001840450934,21094.915630178828,0.022857142857142857
mi,37.91269333021982,0.9860532359175739,0.012808596133254468,0.059098182645227225,6380.000734462505,0.049685714285714284
