gop,PSNR,MS-SSIM,LPIPS,FID,FVD
gop16,19.928766463923,0.65299820167707,0.2330915681484533,3.116374569279807,7561434.740090187
gop4,24.648297232684985,0.7725387386653972,0.1667169354069968,2.3337254439081465,12525155.073467817
gop8,21.828893356043505,0.7225797193213588,0.19948609984980425,2.6537340751716068,9095904.133912854
